Company,Revenue_2022,Revenue%change_2022,Profits_in_millions_2022,Market_value_2022,Employees_2022
Walmart,572754.0,2.4,13673.0,409795.0,2300000
Amazon,469822.0,21.7,33364.0,1658807.3,1608000
Apple,365817.0,33.3,94680.0,2849537.6,154000
CVS Health,292111.0,8.7,7910.0,132839.2,258000
UnitedHealth Group,287597.0,11.8,17285.0,479830.3,350000
Exxon Mobil,285640.0,57.4,23040.0,349652.4,63000
Berkshire Hathaway,276094.0,12.5,89795.0,779542.3,372000
Alphabet,257637.0,41.2,76033.0,1842326.1,156500
McKesson,238228.0,3.1,-4539.0,45857.8,67500
AmerisourceBergen,213988.8,12.7,1539.9,32355.7,40000
Costco Wholesale,195929.0,17.5,5007.0,255230.7,288000
Cigna,174078.0,8.5,5365.0,76286.3,72963
AT&T,168864.0,-1.7,20081.0,169262.4,202600
Microsoft,168088.0,17.5,61271.0,2311358.9,181000
Cardinal Health,162467.0,6.2,611.0,15709.4,46827
Chevron,162465.0,71.6,15625.0,317120.1,42595
Home Depot,151157.0,14.4,16433.0,309312.6,490600
Walgreens Boots Alliance,148579.0,6.5,2542.0,38671.1,258500
Marathon Petroleum,141032.0,58.5,9738.0,47758.1,17700
Anthem,138639.0,13.8,6104.0,118533.5,98200
Kroger,137888.0,4.1,1655.0,41496.2,420000
Ford Motor,136341.0,7.2,17937.0,67958.2,183000
Verizon Communications,133613.0,4.1,22065.0,213837.1,118400
JPMorgan Chase,127202.0,-1.8,48334.0,402526.9,271025
General Motors,127004.0,3.7,10019.0,63555.2,157000
Centene,125982.0,13.4,1347.0,49072.2,72500
Meta Platforms,117929.0,37.2,39370.0,605251.0,71970
Comcast,116385.0,12.4,14159.0,212245.8,189000
Phillips 66,114852.0,75.4,1317.0,41561.0,14000
Valero Energy,108332.0,80.2,930.0,41572.2,9804
Dell Technologies,106995.0,13.6,5563.0,38164.4,133000
Target,106005.0,13.3,6946.0,98134.4,450000
Fannie Mae,101543.0,-4.6,22176.0,909.1,7400
Lowe's,96250.0,7.4,8442.0,133761.1,270000
Bank of America,93851.0,0.1,31978.0,332433.3,208248
Johnson & Johnson,93775.0,13.6,20878.0,466046.7,141700
FedEx,83959.0,21.3,5231.0,59971.3,484000
Humana,83064.0,7.7,2933.0,55154.9,95500
Wells Fargo,82407.0,2.6,21548.0,184225.0,247848
Pfizer,81288.0,94.0,21979.0,292385.3,79000
Citigroup,79865.0,-10.1,21952.0,105330.1,221768
PepsiCo,79474.0,12.9,7618.0,231528.2,309000
Intel,79024.0,1.5,19868.0,202635.8,121100
Procter & Gamble,76118.0,7.3,14306.0,366271.6,101000
General Electric,74196.0,-6.8,-6520.0,100810.2,168000
MetLife,71080.0,4.8,6554.0,57986.5,43000
Prudential Financial,70934.0,24.4,7724.0,44482.2,40916
Albertsons,69690.4,11.6,850.2,16063.7,300000
Walt Disney,67418.0,3.1,1995.0,249718.1,171000
Energy Transfer,67417.0,73.1,5470.0,34496.9,12558
Lockheed Martin,67044.0,2.5,6315.0,117648.2,114000
Freddie Mac,65898.0,-0.5,12109.0,510.3,7301
Goldman Sachs Group,64989.0,21.5,21635.0,117667.6,43900
Raytheon Technologies,64388.0,13.8,3864.0,147640.9,174000
HP,63487.0,12.1,6503.0,38237.2,51000
Boeing,62286.0,7.1,-4202.0,113058.7,142000
Morgan Stanley,61121.0,17.4,15034.0,155685.6,74814
HCA Healthcare,58752.0,14.0,6956.0,75691.9,244000
AbbVie,56197.0,22.7,11542.0,286332.4,50000
Dow,54968.0,42.6,6311.0,46839.7,35700
Tesla,53823.0,70.7,5519.0,1113707.8,99290
Allstate,53228.0,18.8,1599.0,38553.7,54500
Best Buy,51761.0,9.5,2454.0,20473.2,81375
Charter Communications,51682.0,7.5,4654.0,112803.4,93700
Sysco,51297.8,-3.0,524.2,41433.1,57710
Merck,51216.0,6.7,13049.0,207400.5,67500
Caterpillar,50971.0,22.1,6489.0,119406.6,107700
Cisco Systems,49818.0,1.0,10591.0,231636.4,79500
TJX,48550.0,51.1,3282.8,71195.3,340000
ConocoPhillips,48349.0,151.1,8079.0,129605.1,9900
Progressive,47702.0,11.8,3350.9,66670.3,49077
Tyson Foods,47049.0,8.9,3047.0,32487.8,137000
Bristol-Myers Squibb,46385.0,9.1,6994.0,155203.5,32200
Nike,44538.0,19.1,5727.0,212779.1,73300
Deere,44024.0,23.9,5963.0,127456.6,75550
American Express,43663.0,14.3,8060.0,141613.0,64000
Abbott Laboratories,43075.0,24.5,7071.0,208725.8,113000
Plains GP Holdings,42078.0,80.7,60.0,2242.9,4100
Enterprise Products Partners,40806.9,50.0,4637.7,56172.4,6911
Oracle,40479.0,3.6,13746.0,220736.6,132000
Thermo Fisher Scientific,39211.0,21.7,7725.0,231057.4,129000
Coca-Cola,38655.0,17.1,9771.0,268769.7,79000
General Dynamics,38469.0,1.4,3257.0,67081.0,103100
Nucor,36483.9,81.2,6827.5,39954.0,28800
Exelon,36347.0,10.0,1706.0,46683.9,31518
Northrop Grumman,35667.0,-3.1,7005.0,69811.9,88000
3M,35355.0,9.9,5921.0,84738.3,95000
Travelers,34816.0,8.9,3662.0,44129.4,30492
Arrow Electronics,34477.0,20.2,1108.2,7951.3,20700
Honeywell International,34392.0,5.4,5542.0,133381.0,99000
Dollar General,34220.4,1.4,2399.2,50953.0,163000
Qualcomm,33566.0,42.6,9043.0,172228.1,45000
Capital One Financial,32033.0,1.2,12390.0,53260.4,50767
TD Synnex,31614.2,28.1,395.1,9853.6,27000
Philip Morris International,31405.0,9.4,9109.0,145614.7,69600
World Fuel Services,31337.0,53.9,73.7,1715.5,4414
Performance Food Group,30398.9,21.2,40.7,7880.9,22885
Delta Air Lines,29899.0,74.9,280.0,25322.0,83000
American Airlines Group,29882.0,72.4,-1993.0,11847.2,123400
Netflix,29697.8,18.8,5116.2,166304.1,11300
US Foods Holding,29487.0,28.8,164.0,8392.3,28000
Danaher,29453.0,32.2,6433.0,209993.4,79000
Jabil,29285.0,7.4,696.0,8857.3,238000
Starbucks,29060.6,23.6,4199.3,104642.8,383000
Mondelez International,28720.0,8.0,4300.0,87159.2,79000
Eli Lilly,28318.4,15.4,5581.7,272723.6,35238
Hewlett Packard Enterprise,27784.0,3.0,3427.0,21725.3,60400
D.R. Horton,27774.2,36.7,4175.8,26403.2,11788
Molina Healthcare,27771.0,43.0,659.0,19572.9,14000
CBRE Group,27746.0,16.5,1836.6,30414.2,105000
Micron Technology,27705.0,29.3,5861.0,86977.2,43000
Broadcom,27450.0,14.9,6736.0,257086.5,20000
Gilead Sciences,27305.0,10.6,6225.0,74656.5,14400
PBF Energy,27253.4,80.3,231.0,2932.6,3418
Lennar,27130.7,20.6,4430.1,23413.0,10753
United Natural Foods,26992.0,0.9,149.0,2409.3,28300
NRG Energy,26989.0,196.8,2187.0,9289.0,6635
Nvidia,26914.0,61.4,9752.0,684878.6,22473
Occidental Petroleum,26772.0,60.5,2322.0,53160.2,11678
Salesforce,26492.0,24.7,1444.0,210196.8,73541
Dollar Tree,26321.2,3.2,1327.9,36051.4,136226
KKR,26141.3,171.5,4666.5,51542.9,3238
Kraft Heinz,26042.0,-0.5,1012.0,48248.6,36000
Amgen,25979.0,2.2,5893.0,134700.8,24200
AutoNation,25844.0,26.7,1373.0,6111.4,22200
Penske Automotive Group,25554.7,25.0,1187.8,7196.7,24797
PayPal Holdings,25371.0,18.3,4169.0,134732.8,30900
Macy's,25292.0,39.8,1430.0,7123.2,88857
Duke Energy,24677.0,5.2,3908.0,85967.0,27605
United Airlines Holdings,24634.0,60.4,-1964.0,15049.7,84100
Visa,24105.0,10.3,12311.0,480022.5,21500
Rite Aid,24043.4,9.6,-90.9,488.1,50000
Cummins,24021.0,21.3,2131.0,29140.9,59900
U.S. Bancorp,23714.0,-6.0,7963.0,78929.8,68796
Paccar,23522.3,25.6,1852.1,30619.7,28500
McDonald's,23222.9,20.9,7545.2,183873.6,200000
Southern,23113.0,13.4,2393.0,76877.0,27164
C.H. Robinson Worldwide,23102.1,42.5,844.2,13855.8,16877
Truist Financial,23064.0,-5.6,6440.0,75353.9,51462
Applied Materials,23063.0,34.1,5888.0,116431.4,27000
Freeport-McMoRan,22845.0,60.9,4306.0,72360.8,24700
Lithia Motors,22831.7,74.0,1060.0,8909.8,21150
Hartford Financial Services Group,22390.0,9.1,2365.0,23815.6,18100
Aflac,22106.0,-0.2,4325.0,41812.8,12447
Whirlpool,21985.0,13.0,1783.0,10101.2,69000
Union Pacific,21804.0,11.6,6523.0,171681.6,32124
International Paper,21780.0,5.8,1752.0,17301.1,38200
Altria Group,21111.0,1.3,2475.0,94951.7,6000
CDW,20820.8,12.7,988.6,24140.2,13900
ManpowerGroup,20724.4,15.1,382.4,5025.6,30000
PG&E,20642.0,11.8,-102.0,29433.7,26000
Baker Hughes,20502.0,-1.0,-219.0,37410.2,54000
Cleveland-Cliffs,20444.0,281.8,2988.0,16891.2,26000
United States Steel,20275.0,108.1,4174.0,9832.3,24540
Becton Dickinson,20248.0,18.3,2092.0,75749.1,75000
CarMax,20092.1,-6.2,746.9,15598.9,26889
Sherwin-Williams,19944.6,8.6,1864.4,65037.9,61626
Builders FirstSource,19893.9,132.4,1725.4,11408.9,28000
Marsh & McLennan,19820.0,15.1,3143.0,85681.3,83000
PNC Financial Services Group,19698.0,-18.1,5674.0,77203.4,58547
Lumen Technologies,19687.0,-4.9,2033.0,11533.4,36000
Avnet,19534.7,10.8,193.1,4016.9,14500
Tenet Healthcare,19485.0,10.5,914.0,9387.6,88968
Kimberly-Clark,19440.0,1.6,1814.0,41496.1,45000
Kohl's,19433.0,21.8,938.0,7774.6,67000
BlackRock,19374.0,19.6,5901.0,116186.2,18400
Jones Lang LaSalle,19367.0,16.7,961.6,11945.5,98200
Lear,19263.1,13.0,373.9,8513.1,160100
Lincoln National,19230.0,10.3,1405.0,11271.6,10848
Charles Schwab,18996.0,56.9,5855.0,159675.9,33400
Ross Stores,18916.2,50.9,1722.6,31741.7,100000
Mastercard,18884.0,23.4,8687.0,349330.5,24000
Genuine Parts,18870.5,8.5,898.8,17888.1,52000
WestRock,18746.1,6.6,838.3,12379.0,49900
EOG Resources,18642.0,69.0,4664.0,69796.0,2800
Cognizant Technology Solutions,18507.0,11.1,2137.0,47035.0,330600
Steel Dynamics,18408.9,91.7,3214.1,15811.5,10640
Texas Instruments,18344.0,26.9,7769.0,169329.6,31000
Emerson Electric,18236.0,8.6,2303.0,58241.7,86700
WESCO International,18217.5,47.8,465.4,6598.5,18000
General Mills,18127.0,2.8,2339.8,40781.8,35000
Tenneco,18035.0,17.3,35.0,1523.0,71000
Waste Management,17931.0,17.8,1816.0,65802.8,48500
DISH Network,17881.1,15.4,2410.6,16743.1,14500
L3Harris Technologies,17814.0,-2.1,1846.0,47969.6,47000
DXC Technology,17729.0,-9.4,-149.0,7977.3,134000
Block,17661.2,86.0,166.3,78655.9,8521
Goodyear Tire & Rubber,17478.0,41.9,764.0,4029.3,72000
Uber Technologies,17455.0,56.7,-496.0,69753.0,29300
Colgate-Palmolive,17421.0,5.8,2166.0,63742.2,33800
Stanley Black & Decker,17252.7,18.7,1689.2,22843.3,71300
DuPont,17160.0,-15.9,6467.0,37739.7,28000
Stryker,17108.0,19.2,1994.0,100978.1,46000
NextEra Energy,17069.0,-5.2,3573.0,166264.1,15000
Targa Resources,16949.8,105.2,71.2,17243.8,2430
Western Digital,16922.0,1.1,821.0,15536.4,65600
PPG Industries,16802.0,21.5,1439.0,30951.9,49300
American Electric Power,16792.0,12.6,2488.1,50338.6,16688
Gap,16670.0,20.8,256.0,5206.6,97000
BJ's Wholesale Club,16667.3,8.0,426.7,9146.9,34000
Reinsurance Group of America,16658.0,14.1,617.0,7354.6,3500
Kinder Morgan,16610.0,42.0,1784.0,42878.1,10529
Oneok,16540.3,93.6,1499.7,31516.0,2847
Expeditors Intl. of Washington,16523.5,72.4,1415.5,17268.8,19070
Advanced Micro Devices,16434.0,68.3,3162.0,177936.1,15500
Fiserv,16226.0,9.3,1334.0,66132.8,44000
Est√©e Lauder,16215.0,13.4,2870.0,97672.1,53320
Bank of New York Mellon,16158.0,-4.6,3759.0,40056.7,49100
Laboratory Corp. of America,16120.9,15.3,2377.3,24625.8,71725
Regeneron Pharmaceuticals,16071.7,89.1,8075.3,75806.0,10368
Cheniere Energy,15864.0,69.5,-2343.0,35272.3,1550
Southwest Airlines,15790.0,74.5,977.0,27129.3,55093
Adobe,15785.0,22.7,4822.0,215280.5,25988
Synchrony Financial,15752.0,-4.4,4221.0,18145.5,18000
Corteva,15655.0,10.1,1759.0,41774.9,21000
Fidelity National Financial,15643.0,45.1,2422.0,13849.6,28290
DTE Energy,15369.0,26.2,907.0,25614.6,10300
Murphy USA,15318.8,61.2,396.9,4888.6,10430
Halliburton,15295.0,5.9,1457.0,34028.9,40000
Automatic Data Processing,15005.4,2.8,2598.5,95577.1,56000
Edison International,14905.0,9.8,759.0,26693.8,13003
Nordstrom,14789.0,38.0,178.0,4321.3,72000
Loews,14657.0,16.5,1578.0,15971.3,10340
Pioneer Natural Resources,14643.0,119.0,2118.0,60728.3,1932
AutoZone,14629.6,15.8,2170.3,40582.6,85050
Lam Research,14626.2,45.6,3908.5,74996.7,14100
Illinois Tool Works,14455.0,15.0,2694.0,65311.9,45000
Parker-Hannifin,14347.6,4.8,1746.1,36456.8,54640
Omnicom Group,14289.4,8.5,1407.8,17565.7,71700
Principal Financial,14262.7,-3.2,1710.6,19176.7,18600
Dominion Energy,14218.0,-11.8,3288.0,68883.0,17100
Kellogg,14181.0,3.0,1488.0,21890.2,31000
Fluor,14156.8,-10.9,-440.2,4051.7,40582
AECOM,14112.4,-13.9,173.2,10856.5,51000
Reliance Steel & Aluminum,14093.3,59.9,1413.0,11313.5,13950
Jacobs Engineering Group,14092.6,3.8,477.0,17807.4,53500
Corning,14082.0,24.6,1906.0,31212.8,61200
Qurate Retail,14044.0,-0.9,340.0,1807.4,26745
PulteGroup,13926.9,26.2,1946.3,10115.7,6182
Fidelity National Information Services,13877.0,10.6,417.0,61215.1,65000
IQVIA Holdings,13874.0,22.1,966.0,44140.8,79000
Marriott International,13857.0,31.1,1099.0,57514.9,120000
Berry Global Group,13850.0,18.3,733.0,7832.4,47000
Ball,13811.0,17.2,878.0,28909.1,24300
Group 1 Automotive,13801.7,27.2,552.1,2859.9,13711
Leidos Holdings,13737.0,11.7,753.0,14727.7,43000
Wayfair,13708.0,-3.1,-131.0,11641.6,16681
Consolidated Edison,13676.0,11.7,1346.0,33525.3,13871
Ameriprise Financial,13443.0,12.4,2760.0,33213.0,12000
O'Reilly Automotive,13327.6,14.8,2164.7,45410.4,76158
Global Partners,13248.3,59.2,60.8,927.1,2960
Discover Financial Services,13221.0,2.1,5449.0,31076.7,16700
Rocket Companies,13175.6,-17.6,308.2,21905.9,26000
LKQ,13088.5,12.6,1090.9,12941.4,46000
W.W. Grainger,13022.0,10.4,1043.0,26358.0,23450
Quanta Services,12980.2,15.9,486.0,18779.5,43700
Crown Holdings,12979.0,12.1,-560.0,15460.6,26000
Fox,12909.0,4.9,2150.0,21423.2,9000
Markel,12846.4,32.0,2425.0,20037.5,20300
Carvana,12814.0,129.4,-135.0,19549.5,21000
XPO Logistics,12806.0,-21.2,336.0,8356.9,44700
Baxter International,12784.0,9.5,1284.0,39017.9,60000
Ecolab,12733.1,-0.1,1129.9,50548.4,47000
Tractor Supply,12731.1,19.9,997.1,26171.6,34000
Andersons,12728.8,55.1,104.0,1708.2,2334
Keurig Dr Pepper,12683.0,9.2,2146.0,53748.2,27500
Universal Health Services,12642.1,9.4,991.6,10843.1,78850
CSX,12522.0,18.3,3781.0,81587.8,20919
Henry Schein,12401.0,22.6,631.2,11960.1,21600
Sonic Automotive,12396.4,26.9,348.9,1728.8,10200
eBay,12394.0,9.2,13608.0,33641.9,10800
Textron,12382.0,6.3,746.0,16090.6,33000
Community Health Systems,12368.0,4.9,230.0,1598.6,58500
Mosaic,12357.4,42.3,1630.6,24492.6,12525
Thor Industries,12317.4,50.8,659.9,4330.9,31000
Dick's Sporting Goods,12293.4,28.3,1519.9,7986.6,34300
Newmont,12222.0,6.3,1166.0,62968.1,14400
Devon Energy,12206.0,139.8,2813.0,39274.1,1600
J.B. Hunt Transport Services,12168.3,26.3,760.8,21052.9,33045
Alcoa,12152.0,30.9,429.0,16603.4,12200
Aramark,12096.0,-5.7,-90.8,9655.5,248300
Vistra,12077.0,5.5,-1274.0,10434.7,5060
State Street,12030.0,-0.4,2693.0,31891.8,38784
Unum Group,12013.8,-8.7,824.2,6382.8,10200
Alleghany,12004.1,34.9,1034.9,11396.1,13313
Boston Scientific,11888.0,19.9,1041.0,63310.2,41000
Entergy,11742.9,16.1,1118.5,23760.4,12369
International Flavors & Fragrances,11656.0,129.3,270.0,33455.6,24000
DaVita,11618.8,0.6,978.5,10892.5,69000
Assurant,11410.0,13.0,1372.4,10493.1,15600
Liberty Media,11400.0,21.8,398.0,15239.1,6886
Hormel Foods,11386.2,18.5,908.8,28089.2,20000
Icahn Enterprises,11328.0,85.0,-518.0,15237.1,19536
Republic Services,11295.0,11.2,1290.4,41841.7,35000
Mohawk Industries,11200.6,17.3,1033.2,8081.8,43000
Conagra Brands,11184.7,1.2,1298.8,16103.5,18600
Norfolk Southern,11142.0,13.8,3005.0,68389.3,18100
AES,11141.0,15.3,-409.0,17172.1,8450
AGCO,11138.3,21.7,897.0,10885.3,23300
Caesars Entertainment,11110.0,219.8,-1019.0,16564.6,49000
Equitable Holdings,11036.0,-11.1,-439.0,12041.2,10000
Advance Auto Parts,10998.0,8.8,616.1,12644.8,54500
Biogen,10981.7,-18.3,1556.1,30950.4,9610
Booking Holdings,10958.0,61.2,1165.0,96022.7,20199
Amphenol,10876.3,26.5,1590.8,45130.1,90000
Quest Diagnostics,10788.0,14.3,1995.0,16348.6,44500
FirstEnergy,10758.0,3.1,1283.0,26181.6,12395
DCP Midstream,10707.0,69.9,391.0,6993.2,1788
Ally Financial,10690.0,-0.8,3060.0,14411.6,10500
Delek US Holdings,10648.2,45.8,-203.5,1500.2,3312
Williams,10627.0,37.7,1517.0,40670.4,4783
Newell Brands,10589.0,12.8,572.0,8902.4,32000
Eastman Chemical,10476.0,23.6,857.0,14450.1,14000
Air Products & Chemicals,10323.0,16.6,2099.1,55409.4,20750
Molson Coors Beverage,10279.7,6.5,1005.7,11631.8,16300
Interpublic Group,10240.7,13.0,952.8,13965.9,55600
Weyerhaeuser,10201.0,35.4,2607.0,28315.0,9214
Altice USA,10090.8,2.0,990.3,5674.1,9000
Raymond James Financial,9910.0,21.3,1403.0,22817.5,15000
EMCOR Group,9903.6,12.6,383.5,5931.8,34000
Eversource Energy,9863.1,10.8,1220.5,30403.2,9227
Yum China Holdings,9853.0,19.2,990.0,17679.0,298500
Asbury Automotive Group,9837.7,37.9,532.4,3714.8,14200
Owens & Minor,9785.3,12.4,221.6,3375.6,17300
Public Service Enterprise Group,9722.0,1.2,-648.0,35145.5,12684
United Rentals,9716.0,13.9,1386.0,25643.3,20400
MGM Resorts International,9680.1,87.5,1254.4,18257.9,60500
Ryder System,9663.0,14.8,519.0,4055.4,42800
Intuit,9633.0,25.4,2062.0,135987.6,17350
Cincinnati Financial,9629.7,27.8,2945.6,21813.3,5166
Univar Solutions,9535.5,15.4,460.6,5459.8,9450
Huntington Ingalls Industries,9524.0,1.7,544.0,7991.0,44000
W.R. Berkley,9455.5,16.7,1022.5,17658.8,7681
Insight Enterprises,9436.1,13.1,219.3,3745.1,11624
News Corp.,9358.0,3.9,330.0,13127.7,24000
American Tower,9356.9,16.4,2567.7,114527.4,6378
Old Republic International,9341.6,30.4,1534.3,7972.8,9600
Burlington Stores,9322.3,61.7,408.8,12112.8,38599
Avis Budget Group,9313.0,72.4,1285.0,14157.0,18500
ODP,9267.0,-4.6,-208.0,2222.2,26000
VF,9238.8,-21.0,407.9,22112.9,33600
Bed Bath & Beyond,9233.0,-17.3,-150.8,2170.5,37600
Seaboard,9229.0,29.5,570.0,4881.6,13200
First American Financial,9221.0,30.1,1241.0,7087.2,22233
Intercontinental Exchange,9168.0,11.2,4058.0,74044.8,8858
PVH,9154.7,28.4,952.3,5210.0,25000
Apollo Global Management,9124.0,332.2,1838.5,37194.0,2153
Jefferies Financial Group,9039.9,30.0,1674.4,7933.9,5556
Hershey,8971.3,10.1,1477.5,44461.5,17805
NVR,8970.1,18.6,1236.7,15010.5,6600
Foot Locker,8958.0,18.7,893.0,2850.0,33244
Dana,8945.0,25.9,197.0,2544.4,40200
SpartanNash,8931.0,-4.5,73.8,1185.1,13300
Olin,8910.6,54.8,1296.7,8062.0,7750
Chewy,8890.8,24.4,-73.8,17147.3,21300
Activision Blizzard,8803.0,8.9,2699.0,62559.7,9800
Toll Brothers,8790.4,24.2,833.6,5515.4,5100
Carlyle Group,8782.1,199.3,2974.7,17427.5,1850
Ovintiv,8658.0,42.2,1416.0,13987.5,1713
UFP Industries,8636.1,67.6,535.6,4790.5,15000
Ulta Beauty,8630.9,40.3,985.8,20837.8,28500
Constellation Brands,8614.9,3.3,1998.0,43763.5,9300
Expedia Group,8598.0,65.4,12.0,30476.5,14800
CommScope Holding,8586.7,1.8,-462.6,1629.7,30000
Celanese,8537.0,51.0,1890.0,15434.1,8529
Global Payments,8523.8,14.8,965.5,38545.6,25000
Owens Corning,8498.0,20.5,995.0,9064.7,20000
Campbell Soup,8476.0,-6.3,1002.0,13446.9,14100
Huntsman,8453.0,40.3,1045.0,8046.9,9000
Franklin Resources,8425.5,51.4,1831.2,14019.3,10300
Avery Dennison,8408.3,20.6,740.1,14327.4,36000
Masco,8375.0,14.9,410.0,12062.7,20000
CenterPoint Energy,8352.0,-5.5,1486.0,19285.8,9418
Fifth Third Bancorp,8329.0,-0.9,2770.0,29511.3,19112
WEC Energy Group,8316.0,14.8,1300.3,31483.5,6938
S&P Global,8297.0,11.5,3024.0,142343.5,22850
Polaris,8252.0,16.1,493.9,6264.1,16000
Williams-Sonoma,8245.9,21.6,1126.3,10376.0,16600
Autoliv,8230.0,10.5,435.0,6691.1,58176
Arthur J. Gallagher,8209.4,17.2,906.8,36598.6,39000
Motorola Solutions,8171.0,10.2,1245.0,40555.9,18700
Zillow Group,8147.4,143.9,-527.8,12287.1,8005
Opendoor Technologies,8021.0,210.5,-662.0,5364.1,2816
J.M. Smucker,8002.7,2.6,876.3,14686.4,7100
Realogy Holdings,7983.0,28.3,343.0,1852.1,9748
Oshkosh,7952.5,16.0,409.4,6703.7,15000
MasTec,7951.8,25.8,328.8,6657.0,27000
APA,7928.0,84.0,973.0,14332.3,2253
Boise Cascade,7926.1,44.8,712.5,2740.4,6130
Dover,7907.1,18.3,1123.8,22610.3,25000
Genworth Financial,7882.0,-9.0,904.0,1917.9,2500
Bath & Body Works,7881.5,-33.5,1333.5,11419.9,32850
Booz Allen Hamilton Holding,7858.9,5.3,609.0,11705.4,27700
Zimmer Biomet Holdings,7836.2,11.6,401.6,26772.3,19500
Westinghouse Air Brake Technologies,7822.0,3.5,558.0,17819.4,25000
Zoetis,7776.0,16.5,2037.0,89008.9,12100
Packaging Corp. of America,7730.3,16.1,841.1,14628.1,15200
LPL Financial Holdings,7720.8,31.5,459.9,14608.8,5919
T. Rowe Price,7671.9,23.6,3082.9,34442.6,7529
Fortune Brands Home & Security,7656.1,25.7,772.4,9830.7,28056
Casey's General Stores,7654.2,-5.6,312.9,7354.4,27583
A-Mark Precious Metals,7613.0,39.4,159.6,890.5,347
Hess,7583.0,57.8,559.0,33155.2,1545
Vertex Pharmaceuticals,7574.4,22.1,2342.1,66436.9,3900
KeyCorp,7561.0,3.1,2625.0,20592.5,16974
Chipotle Mexican Grill,7547.1,26.1,653.0,44347.4,97660
CMS Energy,7538.0,12.8,1353.0,20292.2,8813
Taylor Morrison Home,7501.3,22.4,663.0,3301.6,3000
American Financial Group,7462.0,-5.7,1995.0,12367.8,6600
UGI,7447.0,13.5,1467.0,7599.1,11300
Science Applications International,7394.0,4.8,277.0,5166.1,25090
Avantor,7386.1,15.5,572.6,20629.1,13500
Hanesbrands,7347.8,10.3,77.2,5191.4,58000
Clorox,7341.0,9.2,710.0,17108.7,9000
KBR,7339.0,27.3,18.0,7634.9,28000
TravelCenters of America,7336.8,51.4,58.5,637.5,16540
Hertz Global Holdings,7336.0,39.5,366.0,9508.9,23000
Analog Devices,7318.3,30.6,1390.4,86441.2,24700
Darden Restaurants,7196.1,-7.8,629.3,16980.9,156883
Graphic Packaging Holding,7156.0,9.1,204.0,6154.4,25000
NCR,7156.0,15.3,97.0,5474.7,38000
Brighthouse Financial,7142.0,-16.0,-108.0,3958.7,1500
PPL,7127.0,-6.3,-1480.0,21001.9,5607
Cintas,7116.3,0.4,1111.0,43566.7,40000
Xerox Holdings,7038.0,0.2,-455.0,3123.3,23300
Rockwell Automation,6997.4,10.5,1358.1,32538.4,24500
Citizens Financial Group,6986.0,-9.0,2319.0,19135.7,17463
KLA,6918.7,19.2,2078.3,55170.9,11425
Camping World Holdings,6913.8,26.9,278.5,2664.6,12834
Ingredion,6894.0,15.1,117.0,5814.2,12000
Veritiv,6850.5,8.0,144.6,2008.0,6100
Beacon Roofing Supply,6820.4,-1.8,243.0,4175.9,6676
Diamondback Energy,6797.0,141.6,2182.0,24320.0,870
Academy Sports and Outdoors,6773.1,19.1,671.4,3433.5,16508
Sanmina,6756.6,-2.9,269.0,2569.0,33500
ON Semiconductor,6739.8,28.3,1009.6,27078.7,31650
Commercial Metals,6729.8,22.9,412.9,5056.7,11089
EnLink Midstream,6685.9,71.7,22.4,4670.6,1073
Southwestern Energy,6667.0,188.9,-25.0,7989.7,938
Equinix,6635.5,10.6,500.2,67280.5,10944
Dillard's,6624.3,49.4,862.5,4928.2,25350
Regions Financial,6605.0,-0.8,2521.0,20860.9,19626
Yum Brands,6584.0,16.5,1575.0,34252.9,25650
Landstar System,6540.4,58.1,381.5,5600.0,1399
CF Industries Holdings,6538.3,58.5,917.1,21551.3,3003
Northern Trust,6488.3,3.0,1545.3,24215.1,21100
Robert Half International,6461.4,26.5,598.6,12638.1,14600
Hasbro,6420.4,17.5,428.7,11383.6,6640
Roper Technologies,6415.8,16.1,1152.6,49868.8,19300
ARKO,6412.6,88.1,59.2,1133.9,11236
Ameren,6394.0,10.4,990.0,24198.7,9116
O-I Glass,6357.0,4.4,149.0,2058.0,24000
Chemours,6345.0,27.7,608.0,5015.0,6400
Crown Castle International,6340.0,8.6,1096.0,79937.3,5000
Agilent Technologies,6319.0,18.4,1210.0,39714.0,17000
McCormick,6317.9,12.8,755.3,26754.0,14000
Skechers U.S.A.,6310.2,36.8,741.5,6360.4,8950
Watsco,6280.2,24.2,418.9,11842.6,6875
Live Nation Entertainment,6268.4,236.8,-650.9,26425.0,16200
ABM Industries,6228.6,4.0,126.3,3078.7,124000
Post Holdings,6226.7,9.3,166.7,4284.4,10735
Moody's,6218.0,15.8,2214.0,62548.1,13460
Select Medical Holdings,6204.5,12.2,402.2,3208.6,43200
Alaska Air Group,6176.0,73.2,478.0,7314.3,21691
Big Lots,6150.6,-0.8,177.8,988.1,23350
Amkor Technology,6138.3,21.5,643.0,5313.0,30400
Sinclair Broadcast Group,6134.0,3.2,-414.0,2008.1,11500
RPM International,6106.3,10.9,502.6,10560.8,15490
M&T Bank,6105.8,-2.8,1858.7,21875.0,17342
Sprouts Farmers Market,6099.9,-5.7,244.2,3546.8,31000
Huntington Bancshares,6080.0,16.1,1295.0,21123.4,18442
CACI International,6044.1,5.7,457.4,7051.2,22000
JetBlue Airways,6037.0,104.2,-182.0,4786.9,17459
SVB Financial Group,6027.0,47.7,1833.0,32901.0,6567
Fastenal,6010.9,6.4,925.0,34187.9,18370
GameStop,6010.7,18.1,-381.3,12716.6,22500
Knight-Swift Transportation Holdings,5998.0,28.3,743.4,8386.0,27650
Airbnb,5991.8,77.4,-352.0,110419.9,6132
Patterson,5912.1,7.7,156.0,3160.0,7800
Penn National Gaming,5905.0,65.0,420.8,7140.2,21973
ServiceNow,5896.0,30.5,230.0,111378.0,16881
Nasdaq,5886.0,4.6,1187.0,29298.2,5814
Brunswick,5846.2,34.5,593.3,6197.3,18582
Resideo Technologies,5846.0,15.3,242.0,3455.8,13300
Petco Health and Wellness,5807.1,18.0,164.4,5930.2,28495
Kemper,5793.0,11.3,-120.5,3606.0,10300
Hilton Worldwide Holdings,5788.0,34.4,410.0,42356.6,142000
Cerner,5764.8,4.7,555.6,27492.2,25150
Levi Strauss,5763.9,29.5,553.5,7874.7,16600
Tapestry,5746.3,15.8,834.2,9807.2,14250
NetApp,5744.0,6.1,730.0,18470.5,11000
KB Home,5724.9,36.9,564.7,2858.1,2244
Continental Resources,5719.3,121.1,1661.0,22342.4,1254
Intuitive Surgical,5710.1,31.0,1704.6,108361.9,9793
Under Armour,5683.5,27.0,360.1,7712.4,12300
MDU Resources Group,5680.7,2.7,378.1,5419.3,12826
Silgan Holdings,5677.1,15.3,359.1,5104.3,15720
Ryerson Holding,5675.3,63.7,294.3,1344.6,4000
Ingersoll Rand,5655.2,15.2,562.5,20541.2,16000
Hologic,5632.3,49.1,1871.5,19305.1,6705
Electronic Arts,5629.0,1.7,837.0,35577.4,11000
Zebra Technologies,5627.0,26.5,837.0,21959.1,9800
Coty,5616.2,-16.6,-201.3,7540.6,11430
Schneider National,5608.7,23.2,405.4,4551.6,17050
Sonoco Products,5590.4,6.7,-85.5,6099.1,20500
Evergy,5586.7,13.7,879.7,15512.7,4930
Cornerstone Building Brands,5583.1,20.9,665.9,3088.7,21700
Coca-Cola Consolidated,5562.7,11.1,189.6,4657.3,15050
Greif,5556.1,23.1,390.7,3134.0,16000
Vulcan Materials,5552.2,14.3,670.8,24412.7,11912
Ametek,5546.5,22.2,990.1,30787.3,18500
Monster Beverage,5541.4,20.5,1377.5,42295.8,3775
Sealed Air,5533.8,12.9,506.8,9920.7,16500
NOV,5524.0,-9.3,-250.0,7700.2,27043
Las Vegas Sands,5505.0,52.4,-961.0,29696.4,44600
Martin Marietta Materials,5493.2,16.1,702.5,24015.1,10000
Marathon Oil,5467.0,77.2,946.0,18349.5,1531
Mattel,5457.7,19.1,903.0,7823.3,36300
Microchip Technology,5438.4,3.1,349.4,41777.1,19500
Harley-Davidson,5336.3,31.6,650.0,6062.9,5800
Telephone & Data Systems,5329.0,2.0,156.0,2163.4,8800
ADT,5307.1,-0.1,-340.8,6843.0,25000
First Republic Bank,5305.0,17.7,1478.0,29113.6,6295
Warner Music Group,5301.0,18.8,304.0,19485.7,5900
Pool,5295.6,34.5,650.6,16967.1,5650
Old Dominion Freight Line,5256.3,30.9,1034.4,34307.5,23663
Fortive,5254.7,13.4,608.4,21877.9,18000
MDC Holdings,5254.7,34.7,573.7,2692.7,2080
NGL Energy Partners,5243.2,-73.5,-639.8,288.6,997
Edwards Lifesciences,5232.5,19.3,1503.1,73141.4,15700
Hanover Insurance Group,5227.8,8.3,418.7,5317.9,4400
Syneos Health,5213.0,18.1,234.8,8436.7,27443
Xylem,5195.0,6.5,427.0,15354.7,16700
Church & Dwight,5190.1,6.0,827.5,24119.1,5100
American Axle & Manufacturing,5156.6,9.5,5.9,888.3,18000
Meritage Homes,5141.3,14.2,737.4,2907.3,1773
Workday,5138.8,19.0,29.4,60583.4,15200
Rush Enterprises,5126.1,8.2,241.4,2788.5,7141
Yellow,5121.8,13.5,-109.1,360.3,32000
Encompass Health,5121.6,10.3,412.2,7071.1,35681
Simon Property Group,5116.8,11.1,2249.6,43197.8,2850
Globe Life,5112.9,7.9,745.0,9977.3,3222
Skyworks Solutions,5109.1,52.3,1498.3,21547.5,10945
Twitter,5077.5,36.6,-221.4,30976.8,7500
Leggett & Platt,5072.6,18.5,402.4,4659.0,20300
Western Union,5070.8,4.9,805.8,7374.7,10500
PerkinElmer,5067.2,34.0,943.2,22009.4,16700
SS&C Technologies Holdings,5051.0,8.2,800.0,19235.1,24900
FMC,5045.2,8.7,736.5,16563.8,6400
Carlisle,5030.0,18.5,421.7,12804.5,11250
American Eagle Outfitters,5010.8,33.3,419.6,2836.6,24000
Vertiv Holdings,4998.1,14.4,119.6,5263.9,24000
Broadridge Financial Solutions,4993.7,10.3,547.5,18182.7,13704
Ingles Markets,4987.9,8.2,249.7,1691.4,18460
Insperity,4973.1,16.0,124.1,3849.8,3600
Howmet Aerospace,4972.0,-5.5,258.0,15055.4,19900
Keysight Technologies,4941.0,17.1,894.0,28746.6,14300
Tempur Sealy International,4930.8,34.1,624.5,4997.7,12000
Scotts Miracle-Gro,4925.0,19.2,512.5,6834.6,8050
Equifax,4923.9,19.3,744.2,29141.8,12700
Kelly Services,4909.7,8.7,156.1,856.0,7400
NiSource,4899.6,4.7,584.9,12891.2,7307
DoorDash,4888.0,69.4,-468.0,40830.3,8600
Avient,4818.8,48.6,230.8,4388.4,8700
Sanderson Farms,4799.7,34.7,455.1,4185.4,17662
TransDigm Group,4798.0,-7.4,680.0,36135.8,13300
Stifel Financial,4783.1,25.3,824.9,7226.0,8600
JELD-WEN Holding,4771.7,12.7,168.8,1826.0,24700
Elanco Animal Health,4765.0,45.6,-472.0,12345.4,9800
Prologis,4759.4,7.2,2939.7,119524.5,2053
Welltower,4742.1,3.0,336.1,43001.5,464
Darling Ingredients,4741.4,32.7,650.9,12987.4,9900
Gartner,4734.0,15.5,793.6,24477.2,16600
Par Pacific Holdings,4710.1,50.7,-81.3,783.3,1336
Hubbell,4703.5,12.4,399.5,9959.6,18300
CME Group,4689.7,-4.0,2636.4,85492.3,3480
Nexstar Media Group,4648.4,3.3,834.6,7728.3,11817
Tutor Perini,4641.8,-12.7,91.9,551.8,7800
Antero Resources,4619.4,32.3,-186.9,9608.0,519
Teledyne Technologies,4614.3,49.5,445.3,22102.9,14500
Snap-on,4601.7,16.7,820.5,10976.1,12800
Rent-A-Center,4583.5,62.9,134.9,1486.9,14290
Crestwood Equity Partners,4569.0,102.7,-78.5,2931.5,645
Louisiana-Pacific,4553.0,63.3,1377.0,5344.1,4800
Urban Outfitters,4548.8,31.9,310.6,2421.4,16330
Amerco,4542.0,14.2,610.9,11704.7,22052
TriNet Group,4540.0,12.5,338.0,6482.5,2800
Illumina,4526.0,39.7,762.0,54855.8,10775
Iron Mountain,4491.5,8.3,450.2,16059.5,25000
LCI Industries,4472.7,60.0,287.7,2624.5,13900
PennyMac Financial Services,4450.2,-1.9,1003.5,2948.5,7208
Digital Realty Trust,4427.9,13.4,1709.3,40337.7,3030
TreeHouse Foods,4405.5,-3.6,-12.5,1800.0,10000
Ralph Lauren,4400.8,-28.6,-121.1,8073.2,16200
American National Group,4391.8,15.8,699.3,5084.1,4545
Autodesk,4386.4,15.7,497.0,46580.0,12600
Domino's Pizza,4357.4,5.8,510.5,14665.9,10450
ASGN,4333.8,9.7,409.9,6022.2,3900
Flowers Foods,4330.8,-1.3,206.2,5438.6,8900
BlueLinx Holdings,4277.2,38.1,296.1,699.5,2045
Palo Alto Networks,4256.1,24.9,-498.9,61307.5,10473
Maximus,4254.5,22.9,291.2,4641.1,35800
Dentsply Sirona,4251.0,27.2,421.0,10708.0,15000
Hub Group,4232.4,21.1,171.5,2678.5,4700
Voya Financial,4230.0,-53.7,2126.0,7042.2,5970
Weis Markets,4224.4,2.7,108.8,1921.1,24000
Century Communities,4216.3,33.4,498.5,1783.2,1600
Synopsys,4204.2,14.1,757.5,51023.2,16361
Brink's,4200.2,13.8,105.2,3234.4,73350
Lennox International,4194.1,15.4,464.0,9447.2,11000
Service Corp. International,4143.1,18.0,802.9,10581.3,20840
Conduent,4140.0,-0.6,-28.0,1111.6,60000
Timken,4132.9,17.6,369.1,4539.6,18029
Bloomin' Brands,4122.4,30.0,215.6,1966.6,82000
CNO Financial Group,4122.2,7.9,441.0,2945.7,3350
Snap,4117.0,64.2,-488.0,58458.4,5661
Zoom Video Communications,4099.9,54.6,1375.6,35066.3,6787
Patrick Industries,4078.1,64.0,224.9,1408.2,11000
Paychex,4056.8,0.4,1097.5,49268.0,15000
Atlas Air Worldwide Holdings,4030.8,25.5,493.3,2523.4,4056
Qorvo,4015.3,24.0,733.6,13456.4,8750
Catalent,3998.0,29.2,585.0,19862.7,17300
Mercury General,3993.4,5.5,247.9,3045.4,4300
AMN Healthcare Services,3984.2,66.4,327.4,4796.1,3800
Tri Pointe Homes,3982.2,22.1,469.3,2160.1,1390
ArcBest,3980.1,35.4,213.5,1979.7,14000
Toro,3959.6,17.2,409.9,8936.9,10982
Spirit AeroSystems Holdings,3953.0,16.1,-540.8,5130.6,16100
Align Technology,3952.6,59.9,772.0,34354.8,22540
loanDepot,3943.2,-11.3,113.5,1290.3,11307
American Water Works,3930.0,4.1,1263.0,30085.5,6400
Matson,3925.3,64.7,927.4,4927.5,4259
Diebold Nixdorf,3905.2,0.1,-78.8,531.2,22000
Marriott Vacations Worldwide,3890.0,34.8,49.0,6620.0,20300
Terex,3886.8,26.1,220.9,2485.5,8600
Sally Beauty Holdings,3875.0,10.3,239.9,1720.5,29000
Meritor,3833.0,25.9,199.0,2519.4,9600
Ventas,3828.0,0.9,49.0,24676.2,434
GoDaddy,3815.7,15.0,242.3,14018.7,6611
Regal Rexnord,3810.3,31.1,209.9,10002.1,30000
Clean Harbors,3805.6,21.0,203.2,6073.8,18300
Pinnacle West Capital,3803.8,6.0,618.7,8820.0,5872
Mueller Industries,3769.3,57.2,468.5,3100.4,5337
Wynn Resorts,3763.7,79.6,-755.8,9243.3,26950
RH,3758.8,32.0,688.5,7079.0,6100
EPAM Systems,3758.1,41.3,481.7,16870.7,58824
M/I Homes,3745.9,23.0,396.9,1262.2,1657
Generac Holdings,3737.2,50.4,550.5,18960.3,9248
Mettler-Toledo International,3717.9,20.5,769.0,31220.3,16700
Abercrombie & Fitch,3712.8,18.8,263.0,1619.5,19250
Teradyne,3702.9,18.6,1014.6,19202.6,5900
American Equity Investment Life Holding,3689.5,52.2,474.0,3869.2,850
Southwest Gas Holdings,3680.5,11.6,200.8,5233.6,12720
Pitney Bowes,3673.6,3.4,-1.4,900.1,11500
Lamb Weston Holdings,3670.9,-3.2,317.8,8699.1,7800
Alliant Energy,3669.0,7.4,659.0,15670.6,3313
Resolute Forest Products,3664.0,30.9,307.0,991.7,6900
Parsons,3660.8,-6.6,64.1,4012.0,15500
Trimble,3659.1,16.2,492.7,18122.7,11931
OGE Energy,3653.7,72.2,737.3,8164.2,2185
Winnebago Industries,3629.8,54.1,281.9,1770.9,6532
Ciena,3620.7,2.5,500.2,9223.4,7205
PriceSmart,3619.9,8.7,98.0,2434.1,10400
Advantage Solutions,3602.3,14.2,54.5,2029.6,45000
H&R Block,3588.6,35.9,683.9,4284.6,38000
iHeartMedia,3558.3,20.7,-159.2,2728.1,9990
Super Micro Computer,3557.4,6.5,111.9,1963.0,4155
Flowserve,3541.1,-5.0,125.9,4681.4,16000
Charles River Laboratories International,3540.2,21.1,391.0,14425.4,19300
A.O. Smith,3538.9,22.2,487.1,10032.2,13700
Granite Construction,3501.9,-1.7,10.1,1504.7,2600
Valmont Industries,3501.6,20.9,195.6,5083.4,11041
Sprague Resources,3498.2,49.8,-68.9,433.7,757
Primoris Services,3497.6,0.2,115.6,1269.8,10810
Cboe Global Markets,3494.8,2.0,529.0,12148.2,1196
Carter's,3486.4,15.3,339.7,3763.4,15900
TopBuild,3486.2,28.3,324.0,5987.1,13006
SiteOne Landscape Supply,3475.7,28.5,238.4,7255.5,5475
Texas Roadhouse,3463.9,44.4,245.3,5787.8,73300
Akamai Technologies,3461.2,8.2,651.6,19210.0,8700
Acuity Brands,3461.0,4.0,306.3,6628.9,13000
Brown-Forman,3461.0,2.9,903.0,31376.6,4700
Navient,3454.0,-7.3,717.0,2592.3,5263
Option Care Health,3438.6,13.4,139.9,5139.0,6334
Floor & Decor Holdings,3433.5,41.5,283.2,8573.8,9276
Public Storage,3415.8,17.2,1953.3,68438.2,5800
Cabot,3409.0,30.4,250.0,3871.1,4500
Atmos Energy,3407.5,20.8,665.6,16182.8,4684
Selective Insurance Group,3379.2,15.6,403.8,5391.5,2440
Take-Two Interactive Software,3372.8,9.2,588.9,17744.1,6495
Boyd Gaming,3369.8,54.7,463.8,7234.0,15114
Plexus,3368.9,-0.6,138.9,2298.6,19200
ScanSource,3364.2,-6.8,10.8,890.8,2200
Franchise Group,3362.7,56.2,363.8,1669.6,11895
Mr. Cooper Group,3344.0,22.4,1454.0,3369.4,8200
Fortinet,3342.2,28.8,606.8,54957.1,10195
Brinker International,3337.8,8.4,131.6,1701.9,59491
Albemarle,3328.0,6.4,123.7,25899.4,6000
Peabody Energy,3318.3,15.2,360.1,3391.5,4900
Evercore,3307.1,44.7,740.1,4275.1,1940
Stewart Information Services,3305.8,44.5,323.2,1635.1,7300
Central Garden & Pet,3303.7,22.6,151.7,2286.5,6750
GMS,3298.8,1.8,105.6,2142.1,5843
H.B. Fuller,3278.0,17.5,161.4,3505.2,6500
Middleby,3250.8,29.3,488.5,8961.1,10624
Renewable Energy Group,3244.1,51.8,213.8,3056.2,1196
MSC Industrial Direct,3243.2,1.6,216.9,4758.3,6472
Vishay Intertechnology,3240.5,29.5,298.0,2840.1,22800
Applied Industrial Technologies,3235.9,-0.3,144.8,3947.9,5947
Lincoln Electric Holdings,3234.2,21.8,276.5,8079.1,11000
First Horizon,3234.0,-4.6,999.0,12542.9,7676
AptarGroup,3227.2,10.2,244.1,7702.9,13000
Citrix Systems,3217.2,-0.6,307.5,12704.6,9700
IDEXX Laboratories,3215.4,18.8,744.8,46089.3,10350
Tetra Tech,3213.5,7.3,232.8,8906.7,21000
Lyft,3208.3,35.7,-1009.4,13384.6,4453
Gannett,3208.1,-5.8,-135.0,643.9,16300
ResMed,3196.8,8.1,474.5,35463.3,7970
Designer Brands,3196.6,43.0,154.5,991.4,13500
Graham Holdings,3186.0,10.3,352.1,3000.6,15048
Worthington Industries,3171.4,3.7,723.8,2537.8,9000
Calumet Specialty Products Partners,3148.0,38.8,-260.1,1070.8,1450
TransUnion,3145.0,15.8,1387.1,19882.6,10200
Travel + Leisure,3134.0,45.1,308.0,4966.2,16800
Dycom Industries,3130.5,-2.1,48.6,2821.0,15024
Columbia Sportswear,3126.4,25.0,354.1,5840.4,8325
II-VI,3105.9,30.5,297.6,7708.2,22961
Grocery Outlet Holding,3079.6,-1.8,62.3,3148.0,875
AMC Networks,3077.6,9.3,250.6,1721.7,1883
Hyster-Yale Materials Handling,3075.7,9.4,-173.0,561.2,8100
ChampionX,3075.0,61.8,113.3,4976.7,7000
Comfort Systems USA,3073.6,7.6,143.3,3200.5,13200
EQT,3064.7,0.2,-1155.8,12955.4,693
Brown & Brown,3051.4,16.8,587.1,20395.7,12023
LGI Homes,3050.1,28.8,429.6,2322.4,952
Hyatt Hotels,3028.0,46.6,-222.0,10498.3,44000
Comerica,3024.0,-2.3,1168.0,11854.4,7442
Energizer Holdings,3021.5,5.6,160.9,2191.7,6000
Rackspace Technology,3009.5,11.2,-218.3,2365.6,6600
Verisk Analytics,2998.6,7.7,666.2,34616.2,9367
Spectrum Brands Holdings,2998.1,-24.4,189.6,3617.6,12100
Euronet Worldwide,2995.4,20.7,70.7,6658.2,8800
TEGNA,2991.1,1.8,477.0,4962.6,6200
Cadence Design Systems,2988.2,11.4,696.0,45781.7,9298
Incyte,2986.3,12.0,948.6,17577.6,2094
Match Group,2983.3,24.8,277.7,31007.0,2520
Valvoline,2981.0,26.7,420.0,5660.5,9800
EnerSys,2977.9,-3.6,143.4,3076.0,11400
Avaya Holdings,2973.0,3.5,-13.0,1076.0,8063
UWM Holdings,2970.3,-39.9,98.4,7223.5,8000
Zions Bancorp.,2970.0,1.0,1129.0,9958.2,9685
Quad/Graphics,2960.4,-1.6,37.8,388.5,15100
MKS Instruments,2949.6,26.6,551.4,8327.6,6200
Arista Networks,2948.0,27.2,840.9,42773.4,2993
Interactive Brokers Group,2938.0,18.5,308.0,27961.7,2571
Range Resources,2930.2,48.8,411.8,7964.0,527
Cheesecake Factory,2927.5,47.6,72.4,2098.6,45800
First Solar,2923.4,7.8,468.7,8904.4,4800
Bio-Rad Laboratories,2922.5,14.8,4245.9,16982.2,7900
Newmark Group,2906.4,52.6,750.7,3009.9,6169
PC Connection,2892.6,11.7,69.9,1375.8,2542
Boston Properties,2888.6,4.4,505.2,20179.9,743
Western Midstream Partners,2877.2,3.8,916.3,10177.4,1127
Magellan Midstream Partners,2870.1,18.2,982.0,10422.1,1715
Hillenbrand,2864.8,13.8,249.9,3216.2,10500
Donaldson,2853.9,10.5,286.9,6416.4,13100
Moog,2852.0,-1.1,157.2,2814.6,14000
Hawaiian Electric Industries,2850.4,10.5,246.2,4630.0,3623
Five Below,2848.4,45.2,278.8,8825.0,13150
Fleetcor Technologies,2833.7,18.6,839.5,19398.4,9700
West Pharmaceutical Services,2831.6,31.9,661.8,30508.2,10065
Green Plains,2827.2,47.0,-66.0,1662.5,859
Cracker Barrel Old Country Store,2821.4,11.8,254.5,2757.6,70000
Virtu Financial,2811.5,-13.2,476.9,6622.1,973
Teleflex,2809.6,10.7,485.4,16642.1,14000
Zynga,2800.5,41.8,-104.2,10463.5,2952
Allegheny Technologies,2799.8,-6.1,-38.2,3350.8,6300
Waters,2785.9,17.8,692.8,18783.4,7800
Hovnanian Enterprises,2782.9,18.7,607.8,371.9,1784
Caleres,2777.6,31.2,137.0,727.5,7200
FTI Consulting,2776.2,12.8,235.0,5400.1,6780
Overstock.com,2773.8,8.8,389.4,1897.8,1350
Visteon,2773.0,8.8,41.0,3056.1,10000
G-III Apparel Group,2766.5,34.6,200.6,1296.1,3250
ITT,2765.0,11.6,316.3,6415.4,9900
IDEX,2764.8,17.6,449.4,14591.6,7536
Popular,2764.8,6.2,934.9,6252.3,8351
Brookdale Senior Living,2758.3,-22.1,-99.3,1308.3,28545
Werner Enterprises,2734.4,15.3,259.1,2697.9,13525
Americold Realty Trust,2714.8,36.6,-30.5,7489.8,16275
SkyWest,2713.5,27.6,111.9,1457.6,15205
Primerica,2709.7,22.2,373.4,5326.8,3170
Nu Skin Enterprises,2695.7,4.4,147.3,2385.6,19600
Copart,2692.5,22.1,936.5,29798.8,8600
PROG Holdings,2677.9,7.8,243.6,1586.9,2023
Splunk,2673.7,19.9,-1339.1,23881.6,7000
MRC Global,2666.0,4.1,-14.0,995.2,2600
Stericycle,2646.9,-1.1,-27.8,5415.5,15465
Ensign Group,2627.5,9.4,194.7,4958.3,25900
Steelcase,2596.2,-30.3,26.1,1339.5,11400
Guess,2591.6,38.1,171.4,1305.5,12500
Playtika Holding,2583.0,8.9,308.5,7965.8,4000
ManTech International,2554.0,1.4,137.0,3517.6,9800
BrightView Holdings,2553.6,8.8,46.3,1351.5,20150
NortonLifeLock,2552.0,-33.9,554.0,15441.9,2800
Deckers Outdoor,2545.6,19.4,382.6,7457.8,3400
Griffon,2541.7,5.6,79.2,1127.8,6700
Curtiss-Wright,2505.9,4.8,267.2,5771.0,7800
MYR Group,2498.3,11.2,85.0,1594.5,7600
MillerKnoll,2465.1,-0.9,173.1,2617.7,7600
Equity Residential,2464.0,-4.2,1332.9,33802.5,2400
DexCom,2448.5,27.1,154.7,49824.5,6650
Rollins,2424.3,12.2,350.7,17260.7,16482
Bruker,2417.9,21.7,277.1,9694.7,7765
Joann,2417.6,-12.5,56.7,463.2,13530
Gray Television,2413.0,1.3,90.0,2093.2,8801
Affiliated Managers Group,2412.4,19.0,565.7,5606.8,4050
Summit Materials,2409.7,3.3,152.2,3687.8,5500
SLM,2409.3,2.4,1160.5,5129.7,1450
Belden,2408.1,22.1,63.9,2492.5,7400
Allison Transmission Holdings,2402.0,15.4,442.0,3810.6,3400
Portland General Electric,2396.0,11.7,244.0,4940.0,2839
REV Group,2380.8,4.5,44.4,843.4,6800
Acadia Healthcare,2376.9,-25.9,190.6,5891.3,19200
Alexandria Real Estate Equities,2373.6,2.9,571.2,32188.6,559
Nordson,2362.2,11.4,454.4,13157.1,6813
NewMarket,2356.1,17.2,190.9,3346.7,2104
Stepan,2346.0,25.5,137.8,2215.6,2439
Valhi,2335.4,24.3,127.2,828.8,2847
Cooper-Standard Holdings,2330.2,-1.9,-322.8,149.0,21300
SBA Communications,2308.8,10.8,237.6,37168.7,1596
Murphy Oil,2300.1,16.7,-73.7,6275.3,696
Entegris,2298.9,23.6,409.1,17830.9,6850
AvalonBay Communities,2294.9,-0.3,1004.3,34710.3,2883
E.W. Scripps,2283.5,19.2,122.7,1718.3,5600
TTEC Holdings,2273.1,16.6,141.0,3878.0,65000
GEO Group,2256.6,-4.0,77.4,809.8,15800
Viasat,2256.1,-2.3,3.7,3630.4,5800
Benchmark Electronics,2255.3,9.8,35.8,881.4,10900
Kar Auction Services,2251.6,2.9,66.5,2187.3,8928
Kirby,2246.7,3.5,-247.0,4345.9,5125
Woodward,2245.8,-10.0,208.6,7882.4,7200
Clear Channel Outdoor Holdings,2241.1,20.8,-433.8,1630.9,4600
Spire,2235.5,20.5,271.7,3713.6,3710
Surgery Partners,2225.1,19.6,-70.9,4919.1,9600
LHC Group,2219.6,7.6,115.7,5229.6,23000
Amedisys,2214.1,6.9,209.1,5603.9,21000
Aerojet Rocketdyne Holdings,2188.0,5.6,143.7,3169.4,5000
Sleep Number,2184.9,17.7,153.7,1123.7,5388
HNI,2184.4,11.7,59.8,1568.7,8000
Dropbox,2157.9,12.7,335.8,8873.5,2667
New Jersey Resources,2156.6,10.4,117.9,4405.4,1251
Harsco,2147.0,14.6,-3.2,969.7,12000
Beazer Homes USA,2140.3,0.6,122.0,478.8,1052
Chemed,2139.3,2.9,268.6,7592.5,14137
Ashland Global Holdings,2111.0,-11.2,220.0,5601.9,4100
